datetime,wind_speed,wind_direction ,temperature ,pressure,humidity
01/01/2015 00:00,2,249,268.05,1022,59
01/01/2015 01:00,2,249,268.05,1022,59
01/01/2015 02:00,2,246,267.186,1021,58
01/01/2015 03:00,2,246,267.186,1021,58
01/01/2015 04:00,2,246,267.186,1021,58
01/01/2015 05:00,3,251,266.667,1019,52
01/01/2015 06:00,3,251,266.667,1019,52
01/01/2015 07:00,3,251,266.667,1019,52
01/01/2015 08:00,3,258,266.576,1018,57
01/01/2015 09:00,3,258,266.576,1018,57
01/01/2015 10:00,3,258,266.576,1018,57
01/01/2015 11:00,3,261,266.449,1019,57
01/01/2015 12:00,3,261,266.449,1019,57
01/01/2015 13:00,3,258,267.1786098,1021,62
01/01/2015 14:00,3,251,268.9913049,1028,76
01/01/2015 15:00,4,251,269.2617372,1025,69
01/01/2015 16:00,4,242,271.4606667,1034,88
01/01/2015 17:00,5,240,272.1173333,1033,87
01/01/2015 18:00,4,244,271.9492191,1024,70
01/01/2015 19:00,4,240,272.8382788,1025,73
01/01/2015 20:00,4,244,272.941,1015,54
01/01/2015 21:00,4,244,272.941,1015,54
01/01/2015 22:00,4,244,272.941,1015,54
01/01/2015 23:00,3,241,272.754,1015,58
02/01/2015 00:00,3,241,272.754,1015,58
02/01/2015 01:00,3,241,272.754,1015,58
02/01/2015 02:00,3,254,273.289,1015,55
02/01/2015 03:00,3,254,273.289,1015,55
02/01/2015 04:00,3,254,273.289,1015,55
02/01/2015 05:00,3,259,273.027,1016,59
02/01/2015 06:00,3,259,273.027,1016,59
02/01/2015 07:00,3,259,273.027,1016,59
02/01/2015 08:00,3,261,272.405,1016,62
02/01/2015 09:00,3,261,272.405,1016,62
02/01/2015 10:00,3,261,272.405,1016,62
02/01/2015 11:00,3,258,272.8659247,1023,69
02/01/2015 12:00,3,254,271.795,1019,62
02/01/2015 13:00,3,254,272.5035455,1022,65
02/01/2015 14:00,3,255,273.9762727,1029,71
02/01/2015 15:00,3,259,274.2312469,1026,67
02/01/2015 16:00,4,259,276.025,1036,76
02/01/2015 17:00,4,263,276.601,1036,75
02/01/2015 18:00,3,270,276.927,1021,57
02/01/2015 19:00,3,271,276.237,1023,56
02/01/2015 20:00,3,271,276.237,1023,56
02/01/2015 21:00,3,271,276.237,1023,56
02/01/2015 22:00,3,271,276.237,1023,56
02/01/2015 23:00,3,267,275.4815688,1029,65
03/01/2015 00:00,2,266,272.583,1025,62
03/01/2015 01:00,2,266,272.583,1025,62
03/01/2015 02:00,1,264,269.642,1028,70
03/01/2015 03:00,1,264,269.642,1028,70
03/01/2015 04:00,1,264,269.642,1028,70
03/01/2015 05:00,1,294,266.944,1030,77
03/01/2015 06:00,1,294,266.944,1030,77
03/01/2015 07:00,1,294,266.944,1030,77
03/01/2015 08:00,2,7,266.302,1031,77
03/01/2015 09:00,2,7,266.302,1031,77
03/01/2015 10:00,2,7,266.302,1031,77
03/01/2015 11:00,1,52,266.718,1032,79
03/01/2015 12:00,1,52,266.718,1032,79
03/01/2015 13:00,1,52,266.718,1032,79
03/01/2015 14:00,2,81,272.187,1035,67
03/01/2015 15:00,2,84,272.8835444,1037,68
03/01/2015 16:00,3,91,274.9306667,1049,84
03/01/2015 17:00,3,97,275.8743333,1048,82
03/01/2015 18:00,2,103,274.868,1032,74
03/01/2015 19:00,2,103,274.868,1032,74
03/01/2015 20:00,2,107,274.05,1022,94
03/01/2015 21:00,2,107,274.35,1020,95
03/01/2015 22:00,2,107,274.65,1019,95
03/01/2015 23:00,2,120,274.75,1019,96
04/01/2015 00:00,2,120,274.85,1017,96
04/01/2015 01:00,2,120,275.05,1015,96
04/01/2015 02:00,2,126,275.05,1013,96
04/01/2015 03:00,2,126,275.35,1012,96
04/01/2015 04:00,2,126,275.65,1010,97
04/01/2015 05:00,1,170,275.65,1009,96
04/01/2015 06:00,1,170,275.55,1008,96
04/01/2015 07:00,1,170,275.15,1007,97
04/01/2015 08:00,2,229,275.05,1006,97
04/01/2015 09:00,2,229,274.95,1006,97
04/01/2015 10:00,2,229,275.05,1006,97
04/01/2015 11:00,3,218,275.65,1005,97
04/01/2015 12:00,1,225,278.15,1005,97
04/01/2015 13:00,1,223,278.2947637,1004,97
04/01/2015 14:00,3,220,278.55,1004,97
04/01/2015 15:00,4,212,279.85,1003,97
04/01/2015 16:00,3,216,280.2862165,1002,97
04/01/2015 17:00,3,226,281.35,1000,97
04/01/2015 18:00,2,218,281.7845307,999,97
04/01/2015 19:00,1,205,282.55,998,98
04/01/2015 20:00,2,209,284.3359122,1005,95
04/01/2015 21:00,5,223,282.95,996,97
04/01/2015 22:00,5,223,281.95,996,97
04/01/2015 23:00,5,217,283.8110299,1004,95
05/01/2015 00:00,4,225,282.75,997,98
05/01/2015 01:00,4,225,283.05,997,98
05/01/2015 02:00,6,272,282.85,998,97
05/01/2015 03:00,6,272,283.35,999,80
05/01/2015 04:00,2,307,282.95,1000,65
05/01/2015 05:00,5,277,281.45,1001,61
05/01/2015 06:00,2,254,280.55,1001,62
05/01/2015 07:00,3,252,279.55,1003,65
05/01/2015 08:00,1,203,278.55,1003,66
05/01/2015 09:00,1,216,277.85,1004,66
05/01/2015 10:00,2,294,277.55,1005,63
05/01/2015 11:00,2,315,277.05,1006,58
05/01/2015 12:00,1,223,276.45,1008,57
05/01/2015 13:00,2,232,275.55,1010,51
05/01/2015 14:00,3,245,275.2901805,1017,64
05/01/2015 15:00,3,249,275.0856571,1018,59
05/01/2015 16:00,6,282,274.4616667,1033,90
05/01/2015 17:00,6,283,274.2773333,1033,84
05/01/2015 18:00,2,291,274.7782767,1020,58
05/01/2015 19:00,1,298,274.85,1013,38
05/01/2015 20:00,2,332,273.75,1014,41
05/01/2015 21:00,2,257,272.65,1016,39
05/01/2015 22:00,3,293,271.85,1017,42
05/01/2015 23:00,2,288,270.95,1019,42
06/01/2015 00:00,3,293,270.35,1019,39
06/01/2015 01:00,3,293,269.35,1019,40
06/01/2015 02:00,3,290,268.55,1020,42
06/01/2015 03:00,3,290,267.75,1020,45
06/01/2015 04:00,3,290,267.25,1020,48
06/01/2015 05:00,1,256,266.75,1021,50
06/01/2015 06:00,2,285,266.25,1021,51
06/01/2015 07:00,2,285,265.85,1021,53
06/01/2015 08:00,1,222,265.85,1020,52
06/01/2015 09:00,1,285,265.95,1020,54
06/01/2015 10:00,1,285,266.05,1019,54
06/01/2015 11:00,1,258,266.25,1020,56
06/01/2015 12:00,1,254,266.0501941,1020,61
06/01/2015 13:00,1,240,265.25,1018,82
06/01/2015 14:00,1,190,265.45,1018,85
06/01/2015 15:00,1,190,266.05,1016,83
06/01/2015 16:00,1,197,266.2495507,1016,82
06/01/2015 17:00,2,226,267.15,1013,82
06/01/2015 18:00,2,233,267.2077085,1012,81
06/01/2015 19:00,2,260,267.45,1011,81
06/01/2015 20:00,2,260,267.45,1011,81
06/01/2015 21:00,2,260,267.35,1011,83
06/01/2015 22:00,2,274,266.05,1010,84
06/01/2015 23:00,3,275,266.738439,1016,88
07/01/2015 00:00,2,274,263.95,1010,88
07/01/2015 01:00,2,274,263.75,1010,89
07/01/2015 02:00,2,264,263.75,1010,89
07/01/2015 03:00,2,264,262.65,1009,89
07/01/2015 04:00,2,264,261.95,1008,88
07/01/2015 05:00,2,261,261.35,1007,89
07/01/2015 06:00,2,261,261.75,1008,90
07/01/2015 07:00,2,260,262.5678279,1011,91
07/01/2015 08:00,3,256,264.6039139,1020,95
07/01/2015 09:00,2,263,263.6231959,1006,90
07/01/2015 10:00,3,257,266.2590273,1019,96
07/01/2015 11:00,3,265,265.65,1005,90
07/01/2015 12:00,3,267,265.9215349,1007,91
07/01/2015 13:00,5,270,267.5723333,1026,100
07/01/2015 14:00,5,276,267.7616667,1026,100
07/01/2015 15:00,5,273,267.9055,1026,100
07/01/2015 16:00,6,282,268.11,1026,100
07/01/2015 17:00,6,282,268.269,1026,100
07/01/2015 18:00,3,269,268.0170857,1013,62
07/01/2015 19:00,3,264,268.05,1006,44
07/01/2015 20:00,1,355,266.95,1007,62
07/01/2015 21:00,2,341,266.3444637,1008,55
07/01/2015 22:00,4,306,264.85,1011,40
07/01/2015 23:00,2,16,263.65,1013,45
08/01/2015 00:00,2,13,263.2813518,1013,44
08/01/2015 01:00,2,5,261.75,1015,44
08/01/2015 02:00,3,355,261.15,1016,46
08/01/2015 03:00,5,315,260.75,1016,48
08/01/2015 04:00,2,355,260.45,1016,49
08/01/2015 05:00,1,306,260.05,1017,51
08/01/2015 06:00,1,302,259.85,1018,53
08/01/2015 07:00,1,306,259.55,1018,56
08/01/2015 08:00,4,315,259.45,1018,54
08/01/2015 09:00,4,315,259.25,1019,56
08/01/2015 10:00,4,315,259.45,1019,57
08/01/2015 11:00,1,236,259.45,1020,62
08/01/2015 12:00,3,308,259.45,1021,66
08/01/2015 13:00,3,308,260.25,1021,68
08/01/2015 14:00,4,270,262.35,1021,62
08/01/2015 15:00,4,268,262.9882366,1024,67
08/01/2015 16:00,4,267,265.085,1043,100
08/01/2015 17:00,4,264,265.922,1042,100
08/01/2015 18:00,1,230,266.95,1019,49
08/01/2015 19:00,1,322,266.65,1019,49
08/01/2015 20:00,1,270,266.25,1019,50
08/01/2015 21:00,1,225,265.45,1018,55
08/01/2015 22:00,1,227,265.35,1018,55
08/01/2015 23:00,2,222,263.919,1024,59
09/01/2015 00:00,2,222,263.919,1024,59
09/01/2015 01:00,2,222,263.919,1024,59
09/01/2015 02:00,2,221,263.473,1023,61
09/01/2015 03:00,2,221,263.473,1023,61
09/01/2015 04:00,3,204,263.987,1020,64
09/01/2015 05:00,3,204,264.1530712,1021,67
09/01/2015 06:00,3,204,263.987,1020,64
09/01/2015 07:00,3,206,264.6892814,1021,68
09/01/2015 08:00,5,212,266.8896407,1026,83
09/01/2015 09:00,3,208,265.469,1016,66
09/01/2015 10:00,3,217,266.2595789,1015,68
09/01/2015 11:00,3,227,267.138,1015,71
09/01/2015 12:00,3,227,267.138,1015,71
09/01/2015 13:00,3,227,267.3565496,1016,72
09/01/2015 14:00,5,232,268.8842748,1023,86
09/01/2015 15:00,3,234,268.876,1015,73
09/01/2015 16:00,4,237,269.5265495,1017,76
09/01/2015 17:00,5,243,271.0512747,1023,84
09/01/2015 18:00,4,250,270.0721916,1021,80
09/01/2015 19:00,6,256,272.2343333,1029,91
09/01/2015 20:00,5,263,271.8926667,1029,91
09/01/2015 21:00,5,259,271.1135,1031,94
09/01/2015 22:00,5,269,270.9176667,1031,92
09/01/2015 23:00,5,269,270.2843333,1032,95
10/01/2015 00:00,3,269,267.501,1018,61
10/01/2015 01:00,3,269,267.3265597,1018,61
10/01/2015 02:00,3,273,265.557,1020,62
10/01/2015 03:00,3,273,265.3738082,1020,61
10/01/2015 04:00,3,275,263.903,1021,59
10/01/2015 05:00,3,275,264.3077628,1024,66
10/01/2015 06:00,3,275,263.903,1021,59
10/01/2015 07:00,3,276,263.6700989,1021,59
10/01/2015 08:00,3,280,262.731,1022,59
10/01/2015 09:00,3,280,262.6318257,1022,58
10/01/2015 10:00,3,283,261.683,1025,58
10/01/2015 11:00,3,282,261.9704624,1027,64
10/01/2015 12:00,3,283,261.283,1026,60
10/01/2015 13:00,2,283,261.6614953,1027,60
10/01/2015 14:00,2,283,263.712,1030,61
10/01/2015 15:00,2,283,263.9547148,1030,60
10/01/2015 16:00,3,282,265.914,1029,56
10/01/2015 17:00,3,282,265.9901753,1031,61
10/01/2015 18:00,2,279,266.155,1030,55
10/01/2015 19:00,2,277,266.0980246,1030,55
10/01/2015 20:00,2,268,265.857,1030,56
10/01/2015 21:00,2,267,265.581795,1030,56
10/01/2015 22:00,2,249,261.921,1032,64
10/01/2015 23:00,2,249,262.01069,1032,65
11/01/2015 00:00,2,249,261.921,1032,64
11/01/2015 01:00,2,249,261.9042228,1032,64
11/01/2015 02:00,2,254,261.039,1033,69
11/01/2015 03:00,2,254,260.9973362,1033,68
11/01/2015 04:00,2,257,260.145,1034,66
11/01/2015 05:00,2,257,260.3496695,1035,67
11/01/2015 06:00,2,257,260.145,1034,66
11/01/2015 07:00,2,259,260.2129127,1034,65
11/01/2015 08:00,1,265,260.498,1035,65
11/01/2015 09:00,1,265,260.498,1035,65
11/01/2015 10:00,1,265,260.498,1035,65
11/01/2015 11:00,1,236,261.229,1036,68
11/01/2015 12:00,1,215,257.324,1038,83
11/01/2015 13:00,1,236,261.229,1036,68
11/01/2015 14:00,1,232,263.666,1039,61
11/01/2015 15:00,1,195,265.41,1036,63
11/01/2015 16:00,1,195,265.41,1036,63
11/01/2015 17:00,1,201,267.7271067,1042,79
11/01/2015 18:00,2,211,270.275,1034,60
11/01/2015 19:00,2,211,270.3893991,1034,60
11/01/2015 20:00,2,215,271.757,1033,66
11/01/2015 21:00,2,215,271.757,1033,66
11/01/2015 22:00,2,215,271.757,1033,66
11/01/2015 23:00,2,214,267.92,1033,80
12/01/2015 00:00,2,214,267.92,1033,80
12/01/2015 01:00,2,214,267.92,1033,80
12/01/2015 02:00,2,208,267.795,1033,73
12/01/2015 03:00,2,208,267.795,1033,73
12/01/2015 04:00,2,208,267.795,1033,73
12/01/2015 05:00,1,203,266.631,1031,84
12/01/2015 06:00,1,203,266.631,1031,84
12/01/2015 07:00,1,203,266.631,1031,84
12/01/2015 08:00,1,211,268.177,1029,74
12/01/2015 09:00,1,211,268.177,1029,74
12/01/2015 10:00,1,211,268.177,1029,74
12/01/2015 11:00,1,222,270.573,1027,91
12/01/2015 12:00,1,222,270.573,1027,91
12/01/2015 13:00,1,222,270.573,1027,91
12/01/2015 14:00,1,199,272.368,1026,97
12/01/2015 15:00,1,199,272.368,1026,97
12/01/2015 16:00,1,199,272.368,1026,97
12/01/2015 17:00,1,245,274.3,1022,98
12/01/2015 18:00,1,245,274.3,1022,98
12/01/2015 19:00,1,265,276.032,1020,100
12/01/2015 20:00,1,265,276.032,1020,100
12/01/2015 21:00,1,265,276.032,1020,100
12/01/2015 22:00,1,268,275.6805858,1020,99
12/01/2015 23:00,1,285,274.131,1020,97
13/01/2015 00:00,1,285,274.131,1020,97
13/01/2015 01:00,1,285,274.131,1020,97
13/01/2015 02:00,2,342,274.323,1021,99
13/01/2015 03:00,2,342,274.323,1021,99
13/01/2015 04:00,2,342,274.323,1021,99
13/01/2015 05:00,2,348,273.044,1023,89
13/01/2015 06:00,2,348,273.044,1023,89
13/01/2015 07:00,2,348,273.044,1023,89
13/01/2015 08:00,3,355,270.625,1025,84
13/01/2015 09:00,3,355,270.625,1025,84
13/01/2015 10:00,3,355,270.625,1025,84
13/01/2015 11:00,2,6,268.681,1029,85
13/01/2015 12:00,2,6,268.681,1029,85
13/01/2015 13:00,2,6,268.681,1029,85
13/01/2015 14:00,3,9,269.273,1031,76
13/01/2015 15:00,3,9,269.273,1031,76
13/01/2015 16:00,0,0,268.447,1033,77
13/01/2015 17:00,2,18,270.239,1032,70
13/01/2015 18:00,2,20,269.301,1033,65
13/01/2015 19:00,2,20,269.301,1033,65
13/01/2015 20:00,2,38,268.208,1034,70
13/01/2015 21:00,2,38,268.208,1034,70
13/01/2015 22:00,2,38,268.208,1034,70
13/01/2015 23:00,2,39,263.88,1035,71
14/01/2015 00:00,2,39,263.88,1035,71
14/01/2015 01:00,2,39,263.88,1035,71
14/01/2015 02:00,2,37,262.828,1035,71
14/01/2015 03:00,2,37,262.828,1035,71
14/01/2015 04:00,2,37,262.828,1035,71
14/01/2015 05:00,2,36,262.659,1033,72
14/01/2015 06:00,2,36,262.659,1033,72
14/01/2015 07:00,2,36,262.659,1033,72
14/01/2015 08:00,2,39,263.074,1031,70
14/01/2015 09:00,2,39,263.074,1031,76
14/01/2015 10:00,2,39,263.074,1031,70
14/01/2015 11:00,2,35,263.478,1029,79
14/01/2015 12:00,2,35,264.222,1030,80
14/01/2015 13:00,2,35,263.478,1029,79
14/01/2015 14:00,2,35,264.741,1029,76
14/01/2015 15:00,2,35,264.741,1029,76
14/01/2015 16:00,2,35,264.741,1029,76
14/01/2015 17:00,1,28,267.935,1026,83
14/01/2015 18:00,1,28,267.935,1026,83
14/01/2015 19:00,1,28,267.935,1026,83
14/01/2015 20:00,1,20,268.975,1024,88
14/01/2015 21:00,1,20,268.975,1024,88
14/01/2015 22:00,1,20,268.975,1024,88
14/01/2015 23:00,1,4,267.311,1024,87
15/01/2015 00:00,1,4,267.311,1024,87
15/01/2015 01:00,1,4,267.311,1024,87
15/01/2015 02:00,1,350,267.089,1023,88
15/01/2015 03:00,1,350,267.089,1023,88
15/01/2015 04:00,1,350,267.089,1023,88
15/01/2015 05:00,1,320,265.326,1020,92
15/01/2015 06:00,1,320,265.326,1020,92
15/01/2015 07:00,1,320,265.326,1020,92
15/01/2015 08:00,1,319,262.175,1020,86
15/01/2015 09:00,1,319,262.175,1020,86
15/01/2015 10:00,1,319,262.175,1020,86
15/01/2015 11:00,1,312,260.918,1020,75
15/01/2015 12:00,1,312,260.918,1020,75
15/01/2015 13:00,1,312,260.918,1020,75
15/01/2015 14:00,1,299,268.132,1019,78
15/01/2015 15:00,1,295,268.438,1020,80
15/01/2015 16:00,1,295,268.438,1020,80
15/01/2015 17:00,1,289,269.7322154,1024,87
15/01/2015 18:00,2,287,269.4938398,1023,87
15/01/2015 19:00,2,278,271.6126667,1031,100
15/01/2015 20:00,3,276,271.5113333,1030,100
15/01/2015 21:00,2,266,270.5415,1030,100
15/01/2015 22:00,3,267,270.7296667,1029,100
15/01/2015 23:00,3,260,270.0493333,1029,100
16/01/2015 00:00,2,253,267.319,1015,82
16/01/2015 01:00,2,253,267.319,1015,82
16/01/2015 02:00,2,253,266.546,1014,83
16/01/2015 03:00,2,253,266.546,1014,83
16/01/2015 04:00,2,253,266.546,1014,83
16/01/2015 05:00,2,252,266.414,1012,83
16/01/2015 06:00,2,252,266.414,1012,83
16/01/2015 07:00,2,252,266.414,1012,83
16/01/2015 08:00,3,254,266.696,1011,86
16/01/2015 09:00,3,254,266.696,1011,86
16/01/2015 10:00,3,254,266.696,1011,86
16/01/2015 11:00,3,257,266.844,1011,89
16/01/2015 12:00,3,257,266.844,1011,89
16/01/2015 13:00,3,257,266.844,1011,89
16/01/2015 14:00,2,261,270.933,1011,84
16/01/2015 15:00,2,261,270.933,1011,84
16/01/2015 16:00,2,266,271.7503484,1011,82
16/01/2015 17:00,4,279,274.097,1009,79
16/01/2015 18:00,3,288,273.852,1011,78
16/01/2015 19:00,4,279,274.097,1009,79
16/01/2015 20:00,4,298,272.613,1011,77
16/01/2015 21:00,4,298,272.613,1011,77
16/01/2015 22:00,4,298,272.613,1011,77
16/01/2015 23:00,4,322,269.131,1016,72
17/01/2015 00:00,4,322,269.131,1016,72
17/01/2015 01:00,4,322,269.131,1016,72
17/01/2015 02:00,3,325,265.728,1020,70
17/01/2015 03:00,3,325,265.728,1020,70
17/01/2015 04:00,3,325,265.728,1020,70
17/01/2015 05:00,2,321,263.588,1022,72
17/01/2015 06:00,2,321,263.588,1022,72
17/01/2015 07:00,2,321,263.588,1022,72
17/01/2015 08:00,2,309,261.778,1025,70
17/01/2015 09:00,2,309,261.778,1025,70
17/01/2015 10:00,2,309,261.778,1025,70
17/01/2015 11:00,1,316,259.74,1027,76
17/01/2015 12:00,1,316,259.74,1027,76
17/01/2015 13:00,1,316,259.74,1027,76
17/01/2015 14:00,1,351,264.801,1028,76
17/01/2015 15:00,1,349,264.808,1028,76
17/01/2015 16:00,1,349,264.808,1028,76
17/01/2015 17:00,1,163,267.579,1026,73
17/01/2015 18:00,1,178,268.146,1027,70
17/01/2015 19:00,1,178,268.146,1027,70
17/01/2015 20:00,1,178,268.628,1027,68
17/01/2015 21:00,1,178,268.628,1026,75
17/01/2015 22:00,1,178,268.628,1026,75
17/01/2015 23:00,2,180,265.71,1025,80
18/01/2015 00:00,2,180,265.71,1025,80
18/01/2015 01:00,2,180,265.71,1025,80
18/01/2015 02:00,2,193,265.212,1024,78
18/01/2015 03:00,2,193,265.212,1024,78
18/01/2015 04:00,2,193,265.212,1024,78
18/01/2015 05:00,2,201,266.232,1022,81
18/01/2015 06:00,2,201,266.232,1022,81
18/01/2015 07:00,2,201,266.232,1022,81
18/01/2015 08:00,2,203,266.284,1020,85
18/01/2015 09:00,2,203,266.284,1020,85
18/01/2015 10:00,2,203,266.284,1020,85
18/01/2015 11:00,1,200,268.303,1018,84
18/01/2015 12:00,1,200,268.303,1018,84
18/01/2015 13:00,1,200,268.303,1018,84
18/01/2015 14:00,0,77,272.606,1016,94
18/01/2015 15:00,0,77,272.606,1016,94
18/01/2015 16:00,0,77,272.606,1016,94
18/01/2015 17:00,0,61,276.23,1010,99
18/01/2015 18:00,0,61,276.23,1010,99
18/01/2015 19:00,0,61,276.23,1010,99
18/01/2015 20:00,1,311,276.06,1005,96
18/01/2015 21:00,1,311,276.06,1005,96
18/01/2015 22:00,1,311,276.06,1005,96
18/01/2015 23:00,2,275,274.979,1004,92
19/01/2015 00:00,2,275,274.979,1004,92
19/01/2015 01:00,2,275,274.979,1004,92
19/01/2015 02:00,3,264,274.924,1004,97
19/01/2015 03:00,3,264,274.924,1004,97
19/01/2015 04:00,3,264,274.924,1004,97
19/01/2015 05:00,3,280,274.024,1005,94
19/01/2015 06:00,3,280,274.024,1005,94
19/01/2015 07:00,3,280,274.024,1005,94
19/01/2015 08:00,3,280,272.622,1006,90
19/01/2015 09:00,3,280,272.622,1006,90
19/01/2015 10:00,3,280,272.622,1006,90
19/01/2015 11:00,3,275,271.368,1007,84
19/01/2015 12:00,3,275,271.368,1007,84
19/01/2015 13:00,3,275,271.368,1007,84
19/01/2015 14:00,3,270,274.495,1008,79
19/01/2015 15:00,3,271,274.8586065,1010,81
19/01/2015 16:00,4,274,275.348,1022,93
19/01/2015 17:00,4,274,275.916,1022,93
19/01/2015 18:00,4,278,275.099,1022,93
19/01/2015 19:00,5,277,276.1286667,1022,92
19/01/2015 20:00,5,280,275.7733333,1022,92
19/01/2015 21:00,3,286,274.643,1008,78
19/01/2015 22:00,3,288,273.6141545,1009,78
19/01/2015 23:00,3,291,271.924,1010,78
20/01/2015 00:00,3,291,271.924,1010,78
20/01/2015 01:00,3,291,271.924,1010,78
20/01/2015 02:00,2,285,269.985,1010,80
20/01/2015 03:00,2,285,269.985,1010,80
20/01/2015 04:00,2,285,269.985,1010,80
20/01/2015 05:00,2,273,268.642,1010,81
20/01/2015 06:00,2,273,268.642,1010,81
20/01/2015 07:00,2,273,268.642,1010,81
20/01/2015 08:00,2,273,267.537,1010,84
20/01/2015 09:00,2,273,267.537,1010,84
20/01/2015 10:00,2,273,267.537,1010,84
20/01/2015 11:00,2,280,267.588,1011,84
20/01/2015 12:00,2,280,267.588,1011,84
20/01/2015 13:00,2,280,267.588,1011,84
20/01/2015 14:00,1,298,272.243,1013,79
20/01/2015 15:00,1,272,271.474,1011,84
20/01/2015 16:00,1,272,271.8835421,1011,83
20/01/2015 17:00,2,271,275.061,1011,78
20/01/2015 18:00,2,271,275.061,1011,78
20/01/2015 19:00,2,271,275.061,1011,78
20/01/2015 20:00,2,276,275.265,1012,80
20/01/2015 21:00,2,276,275.265,1012,80
20/01/2015 22:00,2,280,274.7167034,1012,80
20/01/2015 23:00,2,311,271.135,1014,83
21/01/2015 00:00,2,311,271.135,1014,83
21/01/2015 01:00,2,317,270.6388663,1014,81
21/01/2015 02:00,2,335,269.197,1016,78
21/01/2015 03:00,2,335,268.8413191,1016,77
21/01/2015 04:00,2,334,267.058,1017,76
21/01/2015 05:00,2,335,267.5830529,1021,82
21/01/2015 06:00,2,334,267.058,1017,76
21/01/2015 07:00,1,319,264.035,1018,80
21/01/2015 08:00,1,225,265.1031896,1023,86
21/01/2015 09:00,1,319,264.035,1018,80
21/01/2015 10:00,1,252,263.5941395,1018,78
21/01/2015 11:00,1,1,261.943,1020,75
21/01/2015 12:00,1,5,262.916164,1020,74
21/01/2015 13:00,1,28,268.188,1021,70
21/01/2015 14:00,1,29,268.6020643,1025,78
21/01/2015 15:00,1,28,268.188,1021,70
21/01/2015 16:00,1,28,268.188,1021,70
21/01/2015 17:00,1,55,270.672,1020,74
21/01/2015 18:00,1,55,270.7406469,1020,74
21/01/2015 19:00,1,60,271.049,1020,78
21/01/2015 20:00,1,60,271.049,1020,78
21/01/2015 21:00,1,60,271.049,1020,78
21/01/2015 22:00,1,60,271.049,1020,78
21/01/2015 23:00,1,44,268.76,1020,85
22/01/2015 00:00,1,44,268.76,1020,85
22/01/2015 01:00,1,44,268.76,1020,85
22/01/2015 02:00,1,30,268.916,1021,81
22/01/2015 03:00,1,30,268.916,1021,81
22/01/2015 04:00,1,30,268.916,1021,81
22/01/2015 05:00,1,4,268.867,1020,84
22/01/2015 06:00,1,4,268.867,1020,84
22/01/2015 07:00,1,4,268.867,1020,84
22/01/2015 08:00,1,351,268.652,1020,86
22/01/2015 09:00,1,351,268.652,1020,86
22/01/2015 10:00,1,351,268.652,1020,86
22/01/2015 11:00,1,327,268.356,1021,88
22/01/2015 12:00,1,327,268.356,1021,88
22/01/2015 13:00,1,327,268.356,1021,88
22/01/2015 14:00,1,295,269.969,1022,88
22/01/2015 15:00,1,301,270.14,1022,84
22/01/2015 16:00,1,301,270.9218504,1022,84
22/01/2015 17:00,1,304,274.331,1022,84
22/01/2015 18:00,1,305,274.4347474,1022,83
22/01/2015 19:00,1,313,274.959,1022,82
22/01/2015 20:00,1,313,274.9755295,1023,81
22/01/2015 21:00,1,313,274.959,1022,82
22/01/2015 22:00,1,313,274.7251698,1022,82
22/01/2015 23:00,2,309,270.306,1025,86
23/01/2015 00:00,2,311,270.0188892,1025,85
23/01/2015 01:00,2,322,268.694,1026,82
23/01/2015 02:00,2,318,269.5922097,1030,82
23/01/2015 03:00,2,322,268.694,1026,82
23/01/2015 04:00,2,321,268.233782,1026,83
23/01/2015 05:00,2,316,266.666,1025,87
23/01/2015 06:00,2,316,266.666,1025,87
23/01/2015 07:00,1,299,264.645,1025,87
23/01/2015 08:00,2,306,266.0940479,1030,89
23/01/2015 09:00,1,299,264.645,1025,87
23/01/2015 10:00,1,295,264.1619868,1025,86
23/01/2015 11:00,1,279,262.461,1026,85
23/01/2015 12:00,1,278,263.4643049,1026,84
23/01/2015 13:00,1,269,269.684,1026,80
23/01/2015 14:00,1,272,270.0347624,1029,82
23/01/2015 15:00,1,278,270.447,1026,82
23/01/2015 16:00,1,269,270.950087,1026,79
23/01/2015 17:00,1,222,273.782,1026,64
23/01/2015 18:00,1,221,273.8020074,1026,65
23/01/2015 19:00,1,219,274.088,1020,82
23/01/2015 20:00,2,220,274.15902,1023,81
23/01/2015 21:00,1,219,274.088,1020,82
23/01/2015 22:00,1,219,273.6997644,1020,82
23/01/2015 23:00,2,221,270.161,1020,90
24/01/2015 00:00,2,220,270.129177,1019,90
24/01/2015 01:00,2,216,269.936,1018,91
24/01/2015 02:00,2,218,270.9697897,1021,89
24/01/2015 03:00,2,216,269.936,1018,91
24/01/2015 04:00,2,216,269.936,1018,91
24/01/2015 05:00,1,205,270.853,1014,97
24/01/2015 06:00,1,182,270.8865644,1014,97
24/01/2015 07:00,1,82,271.035,1010,99
24/01/2015 08:00,1,82,271.035,1010,99
24/01/2015 09:00,1,82,271.035,1010,99
24/01/2015 10:00,1,82,271.035,1010,99
24/01/2015 11:00,2,38,271.589,1005,97
24/01/2015 12:00,2,38,271.589,1005,97
24/01/2015 13:00,3,20,272.741,1001,100
24/01/2015 14:00,3,20,273.0279442,1005,100
24/01/2015 15:00,1,22,272.04,1006,97
24/01/2015 16:00,1,18,272.3702333,1004,97
24/01/2015 17:00,3,1,273.865,996,99
24/01/2015 18:00,3,58,273.854841,996,97
24/01/2015 19:00,2,336,273.806,997,92
24/01/2015 20:00,2,335,273.9420603,999,93
24/01/2015 21:00,2,319,275.294,993,100
24/01/2015 22:00,2,315,275.1618001,993,98
24/01/2015 23:00,3,293,274.412,995,90
25/01/2015 00:00,3,295,274.3886903,995,90
25/01/2015 01:00,3,302,274.284,996,91
25/01/2015 02:00,3,302,271.833,998,83
25/01/2015 03:00,3,296,272.16,997,84
25/01/2015 04:00,3,296,272.16,997,84
25/01/2015 05:00,3,285,271.296,999,84
25/01/2015 06:00,3,285,271.296,999,84
25/01/2015 07:00,3,275,271.082,1001,85
25/01/2015 08:00,3,273,270.741,1001,91
25/01/2015 09:00,3,275,271.082,1001,85
25/01/2015 10:00,3,275,271.082,1001,85
25/01/2015 11:00,3,262,270.619,1003,85
25/01/2015 12:00,3,262,270.619,1003,85
25/01/2015 13:00,3,262,270.619,1003,85
25/01/2015 14:00,2,259,274.234,1005,83
25/01/2015 15:00,2,259,274.234,1005,83
25/01/2015 16:00,2,265,274.6430854,1005,80
25/01/2015 17:00,3,289,276.423,1007,71
25/01/2015 18:00,3,290,276.2460089,1007,71
25/01/2015 19:00,2,302,275.066,1008,71
25/01/2015 20:00,2,302,275.0375279,1013,76
25/01/2015 21:00,2,302,275.066,1008,71
25/01/2015 22:00,2,309,273.4728975,1009,72
25/01/2015 23:00,1,333,268.035,1012,78
26/01/2015 00:00,1,333,268.035,1012,78
26/01/2015 01:00,1,333,268.035,1012,78
26/01/2015 02:00,2,13,267.006,1014,71
26/01/2015 03:00,2,13,267.006,1014,71
26/01/2015 04:00,2,13,267.006,1014,71
26/01/2015 05:00,2,44,268.149,1015,77
26/01/2015 06:00,2,44,268.149,1015,77
26/01/2015 07:00,2,44,268.149,1015,77
26/01/2015 08:00,2,56,266.858,1015,85
26/01/2015 09:00,2,56,266.858,1015,85
26/01/2015 10:00,2,56,266.858,1015,85
26/01/2015 11:00,2,54,266.394,1015,88
26/01/2015 12:00,2,54,266.394,1015,88
26/01/2015 13:00,2,54,266.394,1015,88
26/01/2015 14:00,3,58,267.198,1014,87
26/01/2015 15:00,3,60,267.861,1014,91
26/01/2015 16:00,3,58,267.976828,1013,90
26/01/2015 17:00,3,54,268.375,1012,87
26/01/2015 18:00,3,52,268.5544542,1011,87
26/01/2015 19:00,4,45,269.196,1010,89
26/01/2015 20:00,4,46,269.7860593,1014,92
26/01/2015 21:00,4,45,269.196,1010,89
26/01/2015 22:00,4,45,269.196,1010,89
26/01/2015 23:00,4,44,270.2968955,1015,93
27/01/2015 00:00,5,39,269.4733594,1014,92
27/01/2015 01:00,6,38,271.3966667,1022,100
27/01/2015 02:00,6,33,270.6933333,1022,100
27/01/2015 03:00,6,29,270.993,1021,100
27/01/2015 04:00,6,25,269.9553333,1020,100
27/01/2015 05:00,6,21,269.9206667,1020,100
27/01/2015 06:00,4,14,269.863,1005,91
27/01/2015 07:00,4,3,269.061,1003,85
27/01/2015 08:00,4,3,269.061,1003,85
27/01/2015 09:00,4,3,269.061,1003,85
27/01/2015 10:00,4,3,269.061,1003,85
27/01/2015 11:00,4,355,268.34,1003,83
27/01/2015 12:00,4,355,268.34,1003,83
27/01/2015 13:00,4,350,268.893,1003,83
27/01/2015 14:00,3,358,267.892,1006,82
27/01/2015 15:00,4,350,268.893,1003,83
27/01/2015 16:00,4,349,269.0444535,1003,82
27/01/2015 17:00,3,349,269.786,1002,81
27/01/2015 18:00,3,349,269.6961885,1003,80
27/01/2015 19:00,3,354,268.607,1006,78
27/01/2015 20:00,3,352,268.4300051,1009,83
27/01/2015 21:00,3,354,268.607,1006,78
27/01/2015 22:00,3,353,268.4220823,1006,77
27/01/2015 23:00,2,353,267.553,1008,76
28/01/2015 00:00,2,353,267.553,1008,76
28/01/2015 01:00,2,353,267.553,1008,76
28/01/2015 02:00,2,349,266.705,1010,77
28/01/2015 03:00,2,349,266.705,1010,77
28/01/2015 04:00,2,349,266.705,1010,77
28/01/2015 05:00,2,330,264.961,1011,79
28/01/2015 06:00,2,330,264.961,1011,79
28/01/2015 07:00,2,330,264.961,1011,79
28/01/2015 08:00,3,323,263.738,1013,76
28/01/2015 09:00,3,323,263.738,1013,76
28/01/2015 10:00,3,323,263.738,1013,76
28/01/2015 11:00,3,325,263.464,1015,72
28/01/2015 12:00,3,325,263.464,1015,72
28/01/2015 13:00,3,325,263.464,1015,72
28/01/2015 14:00,3,331,266.155,1018,72
28/01/2015 15:00,3,331,266.9988489,1018,70
28/01/2015 16:00,3,333,270.058,1018,67
28/01/2015 17:00,3,332,269.9445672,1022,76
28/01/2015 18:00,3,331,269.498,1018,70
28/01/2015 19:00,3,337,270.358,1019,66
28/01/2015 20:00,3,337,270.2905263,1023,75
28/01/2015 21:00,3,340,269.1291065,1025,76
28/01/2015 22:00,3,340,268.938,1035,98
28/01/2015 23:00,3,343,267.743,1036,99
29/01/2015 00:00,3,340,267.413,1036,98
29/01/2015 01:00,3,345,265.9296667,1037,100
29/01/2015 02:00,3,343,265.3113333,1038,100
29/01/2015 03:00,2,338,261.4738902,1029,83
29/01/2015 04:00,1,334,258.763,1025,74
29/01/2015 05:00,1,339,259.6440278,1029,81
29/01/2015 06:00,1,334,258.763,1025,74
29/01/2015 07:00,1,334,258.763,1025,74
29/01/2015 08:00,1,358,256.275,1025,60
29/01/2015 09:00,1,358,256.275,1025,60
29/01/2015 10:00,1,358,256.275,1025,60
29/01/2015 11:00,1,285,255.2,1026,66
29/01/2015 12:00,1,285,255.2,1026,66
29/01/2015 13:00,1,285,255.2,1026,66
29/01/2015 14:00,0,55,266.305,1025,63
29/01/2015 15:00,0,0,266.753,1025,56
29/01/2015 16:00,1,144,269.734,1023,76
29/01/2015 17:00,1,144,269.6107447,1027,82
29/01/2015 18:00,1,144,269.734,1023,76
29/01/2015 19:00,1,144,269.644,1020,83
29/01/2015 20:00,1,140,269.7678734,1025,88
29/01/2015 21:00,1,144,269.644,1020,83
29/01/2015 22:00,1,146,269.513537,1020,83
29/01/2015 23:00,1,152,269.017,1018,87
30/01/2015 00:00,1,152,269.017,1018,87
30/01/2015 01:00,2,190,270.81,1016,92
30/01/2015 02:00,2,190,270.81,1016,92
30/01/2015 03:00,2,190,270.81,1016,92
30/01/2015 04:00,2,190,270.81,1016,92
30/01/2015 05:00,2,193,271.325,1013,94
30/01/2015 06:00,2,193,271.325,1013,94
30/01/2015 07:00,2,193,271.325,1013,94
30/01/2015 08:00,1,190,271.376,1009,93
30/01/2015 09:00,1,190,271.376,1009,93
30/01/2015 10:00,1,190,271.376,1009,93
30/01/2015 11:00,1,251,270.748,1008,91
30/01/2015 12:00,1,251,270.748,1008,91
30/01/2015 13:00,1,251,270.748,1008,91
30/01/2015 14:00,2,305,272.284,1009,90
30/01/2015 15:00,2,308,272.5657044,1009,87
30/01/2015 16:00,4,315,273.369,1009,81
30/01/2015 17:00,4,314,273.3838025,1013,86
30/01/2015 18:00,3,312,273.497,1009,80
30/01/2015 19:00,4,313,272.9474954,1009,78
30/01/2015 20:00,4,316,271.537,1010,74
30/01/2015 21:00,4,316,271.537,1010,74
30/01/2015 22:00,4,316,271.537,1010,74
30/01/2015 23:00,5,319,268.229,1013,73
31/01/2015 00:00,5,319,267.8054086,1013,72
31/01/2015 01:00,5,323,266.259,1014,71
31/01/2015 02:00,5,323,266.259,1014,71
31/01/2015 03:00,5,323,266.259,1014,71
31/01/2015 04:00,5,323,266.259,1014,71
31/01/2015 05:00,5,321,265.042,1014,73
31/01/2015 06:00,5,321,265.042,1014,73
31/01/2015 07:00,5,321,264.184,1015,68
31/01/2015 08:00,5,321,264.184,1015,68
31/01/2015 09:00,5,321,264.184,1015,68
31/01/2015 10:00,5,321,264.184,1015,68
31/01/2015 11:00,5,318,264.097,1016,74
31/01/2015 12:00,5,322,263.908,1016,64
31/01/2015 13:00,5,322,263.908,1016,64
31/01/2015 14:00,5,320,266.384,1017,66
31/01/2015 15:00,5,319,266.8471399,1017,66
31/01/2015 16:00,5,319,267.1207751,1026,85
31/01/2015 17:00,4,317,268.581,1018,67
31/01/2015 18:00,5,316,268.6360551,1021,73
31/01/2015 19:00,6,313,268.625,1032,99
31/01/2015 20:00,5,312,268.744,1032,99
31/01/2015 21:00,4,311,267.3383096,1024,83
31/01/2015 22:00,3,310,266.707,1020,74
31/01/2015 23:00,4,309,266.9744814,1024,81
01/02/2015 00:00,3,310,266.707,1020,74
01/02/2015 01:00,3,310,266.707,1020,74
01/02/2015 02:00,2,308,265.454,1021,76
01/02/2015 03:00,2,308,265.454,1021,76
01/02/2015 04:00,2,308,265.454,1021,76
01/02/2015 05:00,2,289,263.486,1021,83
01/02/2015 06:00,2,289,263.486,1021,83
01/02/2015 07:00,2,289,263.486,1021,83
01/02/2015 08:00,1,261,260.804,1020,76
01/02/2015 09:00,1,261,260.804,1020,76
01/02/2015 10:00,1,261,260.804,1020,76
01/02/2015 11:00,1,258,261.444,1020,79
01/02/2015 12:00,1,258,261.444,1020,79
01/02/2015 13:00,1,258,263.0354261,1020,79
01/02/2015 14:00,1,258,268.616,1020,82
01/02/2015 15:00,1,255,269.3470292,1020,81
01/02/2015 16:00,1,247,272.214,1020,80
01/02/2015 17:00,1,246,271.9960827,1022,83
01/02/2015 18:00,2,262,272.093,1019,81
01/02/2015 19:00,1,246,272.294,1019,85
01/02/2015 20:00,1,245,272.1233759,1023,89
01/02/2015 21:00,1,246,272.294,1019,85
01/02/2015 22:00,1,246,272.294,1019,85
01/02/2015 23:00,1,237,271.3468015,1024,90
02/02/2015 00:00,1,205,271.8745175,1023,88
02/02/2015 01:00,2,193,270.276,1033,97
02/02/2015 02:00,2,162,270.691,1032,95
02/02/2015 03:00,0,133,267.94,1017,90
02/02/2015 04:00,1,129,267.9994536,1017,89
02/02/2015 05:00,1,89,268.591,1014,89
02/02/2015 06:00,1,89,268.591,1014,89
02/02/2015 07:00,1,89,268.591,1014,89
02/02/2015 08:00,3,92,270.917,1009,96
02/02/2015 09:00,3,92,270.917,1009,96
02/02/2015 10:00,3,92,270.917,1009,96
02/02/2015 11:00,3,96,272.704,1003,95
02/02/2015 12:00,4,68,268.16,1006,92
02/02/2015 13:00,3,96,272.704,1003,95
02/02/2015 14:00,1,44,277.526,995,97
02/02/2015 15:00,1,44,277.526,995,97
02/02/2015 16:00,1,40,277.2639889,994,97
02/02/2015 17:00,3,22,276.047,993,100
02/02/2015 18:00,2,82,275.8539846,993,100
02/02/2015 19:00,1,331,275.048,993,100
02/02/2015 20:00,2,327,274.9441388,996,99
02/02/2015 21:00,1,331,275.048,993,100
02/02/2015 22:00,2,329,274.8331244,996,100
02/02/2015 23:00,4,327,274.2955622,1004,100
03/02/2015 00:00,4,325,271.0051489,1006,100
03/02/2015 01:00,6,322,271.1556667,1016,100
03/02/2015 02:00,6,320,268.5533333,1020,100
03/02/2015 03:00,6,320,269.818,1020,100
03/02/2015 04:00,6,318,265.9266667,1025,100
03/02/2015 05:00,6,317,265.9023333,1026,100
03/02/2015 06:00,5,319,265.9326451,1015,80
03/02/2015 07:00,5,319,265.926,1011,73
03/02/2015 08:00,5,319,265.5511597,1021,85
03/02/2015 09:00,4,317,264.8945446,1015,69
03/02/2015 10:00,4,317,264.5029133,1026,86
03/02/2015 11:00,2,315,263.555,1019,66
03/02/2015 12:00,2,315,263.555,1019,66
03/02/2015 13:00,2,315,263.555,1019,66
03/02/2015 14:00,2,306,265.973,1021,69
03/02/2015 15:00,2,306,265.973,1021,69
03/02/2015 16:00,1,295,265.652,1023,71
03/02/2015 17:00,2,269,268.619,1021,67
03/02/2015 18:00,2,263,268.094,1022,66
03/02/2015 19:00,2,256,268.353,1022,69
03/02/2015 20:00,2,256,268.353,1022,69
03/02/2015 21:00,2,256,268.353,1022,69
03/02/2015 22:00,2,256,268.353,1022,69
03/02/2015 23:00,2,251,264.628,1024,77
04/02/2015 00:00,2,251,264.628,1024,77
04/02/2015 01:00,2,251,264.628,1024,77
04/02/2015 02:00,1,227,261.525,1024,78
04/02/2015 03:00,1,227,261.525,1024,78
04/02/2015 04:00,1,227,261.525,1024,78
04/02/2015 05:00,1,203,259.159,1024,79
04/02/2015 06:00,1,203,259.159,1024,79
04/02/2015 07:00,1,203,259.159,1024,79
04/02/2015 08:00,1,196,260.94,1023,75
04/02/2015 09:00,1,196,260.94,1023,75
04/02/2015 10:00,1,196,260.94,1023,75
04/02/2015 11:00,2,198,264.101,1021,85
04/02/2015 12:00,2,198,264.101,1021,85
04/02/2015 13:00,2,198,264.101,1021,85
04/02/2015 14:00,2,198,270.092,1022,84
04/02/2015 15:00,2,198,270.092,1022,84
04/02/2015 16:00,2,222,268.89,1021,84
04/02/2015 17:00,2,228,273.824,1018,81
04/02/2015 18:00,2,229,274.0178826,1018,81
04/02/2015 19:00,2,231,274.755,1016,83
04/02/2015 20:00,2,217,275.185,1016,80
04/02/2015 21:00,2,217,275.185,1016,80
04/02/2015 22:00,2,217,275.185,1016,80
04/02/2015 23:00,2,220,271.321,1016,88
05/02/2015 00:00,2,220,271.321,1016,88
05/02/2015 01:00,2,220,271.321,1016,88
05/02/2015 02:00,2,202,270.552,1013,90
05/02/2015 03:00,2,202,270.552,1013,90
05/02/2015 04:00,2,202,270.552,1013,90
05/02/2015 05:00,2,220,272.278,1011,87
05/02/2015 06:00,2,220,272.278,1011,87
05/02/2015 07:00,2,220,272.278,1011,87
05/02/2015 08:00,2,246,272.489,1008,91
05/02/2015 09:00,2,246,272.489,1008,91
05/02/2015 10:00,2,246,272.489,1008,91
05/02/2015 11:00,2,285,272.177,1008,93
05/02/2015 12:00,2,285,272.177,1008,93
05/02/2015 13:00,2,285,272.177,1008,93
05/02/2015 14:00,4,332,269.716,1015,79
05/02/2015 15:00,4,331,270.778,1011,88
05/02/2015 16:00,4,330,270.3981777,1012,83
05/02/2015 17:00,4,328,268.995,1016,69
05/02/2015 18:00,4,327,268.6161616,1016,68
05/02/2015 19:00,4,327,267.155,1017,67
05/02/2015 20:00,5,327,267.3326839,1021,76
05/02/2015 21:00,4,327,267.155,1017,67
05/02/2015 22:00,4,328,266.5813569,1017,67
05/02/2015 23:00,4,332,264.336,1020,68
06/02/2015 00:00,4,332,264.336,1020,68
06/02/2015 01:00,4,332,264.336,1020,68
06/02/2015 02:00,3,334,262.647,1021,71
06/02/2015 03:00,3,334,262.647,1021,71
06/02/2015 04:00,3,334,262.647,1021,71
06/02/2015 05:00,2,323,260.881,1022,69
06/02/2015 06:00,2,323,260.881,1022,69
06/02/2015 07:00,2,299,259.264,1023,71
06/02/2015 08:00,2,299,259.264,1023,71
06/02/2015 09:00,2,299,259.264,1023,71
06/02/2015 10:00,2,299,259.264,1023,71
06/02/2015 11:00,1,267,257.942,1024,79
06/02/2015 12:00,1,267,257.942,1024,79
06/02/2015 13:00,1,267,257.942,1024,79
06/02/2015 14:00,2,241,262.482,1023,72
06/02/2015 15:00,2,243,262.8546856,1022,72
06/02/2015 16:00,3,262,265.27,1020,73
06/02/2015 17:00,4,260,265.2724828,1024,81
06/02/2015 18:00,3,262,265.27,1020,73
06/02/2015 19:00,3,263,265.6100306,1020,73
06/02/2015 20:00,3,269,267.489,1019,73
06/02/2015 21:00,3,269,267.505297,1019,72
06/02/2015 22:00,3,272,267.687,1019,72
06/02/2015 23:00,2,271,265.767,1020,79
07/02/2015 00:00,2,271,265.767,1020,79
07/02/2015 01:00,2,271,265.767,1020,79
07/02/2015 02:00,2,268,263.216,1021,80
07/02/2015 03:00,2,268,263.216,1021,80
07/02/2015 04:00,2,268,263.216,1021,80
07/02/2015 05:00,2,267,261.899,1020,82
07/02/2015 06:00,2,267,261.899,1020,82
07/02/2015 07:00,2,267,261.899,1020,82
07/02/2015 08:00,2,277,260.351,1020,79
07/02/2015 09:00,2,269,261.152,1020,80
07/02/2015 10:00,2,269,261.152,1020,80
07/02/2015 11:00,1,245,259.868,1021,74
07/02/2015 12:00,1,245,259.868,1021,74
07/02/2015 13:00,1,245,259.868,1021,74
07/02/2015 14:00,1,206,267.407,1021,82
07/02/2015 15:00,1,220,267.912,1020,79
07/02/2015 16:00,2,222,270.319,1018,85
07/02/2015 17:00,2,223,270.2456784,1023,89
07/02/2015 18:00,2,222,270.319,1018,85
07/02/2015 19:00,1,225,271.644,1017,83
07/02/2015 20:00,1,227,271.5259823,1021,87
07/02/2015 21:00,1,225,271.644,1017,83
07/02/2015 22:00,1,224,271.142906,1017,83
07/02/2015 23:00,1,220,267.178,1017,83
08/02/2015 00:00,1,209,267.1329588,1017,82
08/02/2015 01:00,1,143,266.839,1016,77
08/02/2015 02:00,1,144,267.7981988,1020,80
08/02/2015 03:00,1,143,266.839,1016,77
08/02/2015 04:00,1,138,267.1573507,1015,77
08/02/2015 05:00,0,114,268.557,1015,79
08/02/2015 06:00,0,107,268.5754518,1014,79
08/02/2015 07:00,1,65,268.681,1014,85
08/02/2015 08:00,1,71,269.3981373,1017,86
08/02/2015 09:00,1,65,268.681,1014,85
08/02/2015 10:00,1,62,268.658973,1014,85
08/02/2015 11:00,1,43,268.508,1014,86
08/02/2015 12:00,1,43,268.508,1014,86
08/02/2015 13:00,1,43,268.508,1014,86
08/02/2015 14:00,1,34,272.391,1013,90
08/02/2015 15:00,1,46,273.566,1012,87
08/02/2015 16:00,1,46,273.566,1012,87
08/02/2015 17:00,1,42,276.517,1011,91
08/02/2015 18:00,1,43,276.5196433,1011,91
08/02/2015 19:00,1,49,276.534,1010,95
08/02/2015 20:00,1,47,276.2500175,1014,95
08/02/2015 21:00,1,49,276.534,1010,95
08/02/2015 22:00,1,49,276.534,1010,95
08/02/2015 23:00,1,60,274.347,1011,97
09/02/2015 00:00,1,60,274.347,1011,97
09/02/2015 01:00,1,77,274.541,1012,100
09/02/2015 02:00,1,77,274.541,1012,100
09/02/2015 03:00,1,77,274.541,1012,100
09/02/2015 04:00,1,77,274.541,1012,100
09/02/2015 05:00,2,70,274.594,1011,100
09/02/2015 06:00,2,70,274.594,1011,100
09/02/2015 07:00,2,70,274.445,1011,100
09/02/2015 08:00,2,70,274.445,1011,100
09/02/2015 09:00,2,70,274.445,1011,100
09/02/2015 10:00,2,76,274.396,1011,100
09/02/2015 11:00,2,76,274.396,1011,100
09/02/2015 12:00,2,76,274.396,1011,100
09/02/2015 13:00,3,69,274.813,1011,98
09/02/2015 14:00,2,42,272.802,1013,100
09/02/2015 15:00,3,69,274.813,1011,98
09/02/2015 16:00,2,63,274.6600421,1012,97
09/02/2015 17:00,2,39,273.997,1013,97
09/02/2015 18:00,2,39,274.113674,1013,96
09/02/2015 19:00,2,41,274.683,1013,95
09/02/2015 20:00,2,41,274.6976783,1016,95
09/02/2015 21:00,2,41,274.683,1013,95
09/02/2015 22:00,2,42,274.6095301,1013,95
09/02/2015 23:00,2,44,274.327,1014,97
10/02/2015 00:00,2,44,274.327,1014,97
10/02/2015 01:00,2,44,274.327,1014,97
10/02/2015 02:00,2,43,274.148,1014,96
10/02/2015 03:00,2,43,274.148,1014,96
10/02/2015 04:00,2,43,274.148,1014,96
10/02/2015 05:00,2,31,273.788,1015,96
10/02/2015 06:00,2,31,273.788,1015,96
10/02/2015 07:00,2,31,273.788,1015,96
10/02/2015 08:00,3,26,273.238,1015,92
10/02/2015 09:00,3,26,273.238,1015,92
10/02/2015 10:00,3,26,273.238,1015,92
10/02/2015 11:00,3,27,272.371,1017,90
10/02/2015 12:00,3,27,272.371,1017,90
10/02/2015 13:00,3,27,272.371,1017,90
10/02/2015 14:00,2,19,273.049,1018,89
10/02/2015 15:00,2,19,273.049,1018,89
10/02/2015 16:00,3,16,270.952,1017,88
10/02/2015 17:00,3,18,273.636,1016,85
10/02/2015 18:00,3,18,273.636,1016,85
10/02/2015 19:00,3,18,273.636,1016,85
10/02/2015 20:00,2,18,274.41,1016,83
10/02/2015 21:00,2,18,274.41,1016,83
10/02/2015 22:00,2,18,274.41,1016,83
10/02/2015 23:00,3,20,271.691,1017,86
11/02/2015 00:00,3,19,271.3266293,1017,86
11/02/2015 01:00,3,17,269.98,1018,88
11/02/2015 02:00,3,17,269.98,1018,88
11/02/2015 03:00,3,17,269.98,1018,88
11/02/2015 04:00,3,17,269.98,1018,88
11/02/2015 05:00,2,25,268.478,1018,87
11/02/2015 06:00,2,25,268.478,1018,87
11/02/2015 07:00,2,25,268.478,1018,87
11/02/2015 08:00,3,28,266.936,1018,81
11/02/2015 09:00,3,28,266.936,1018,81
11/02/2015 10:00,3,28,266.936,1018,81
11/02/2015 11:00,2,32,265.486,1019,81
11/02/2015 12:00,2,32,265.486,1019,81
11/02/2015 13:00,2,39,268.409,1019,80
11/02/2015 14:00,2,36,268.6612305,1022,84
11/02/2015 15:00,2,30,269.211,1018,82
11/02/2015 16:00,2,30,269.5895801,1020,85
11/02/2015 17:00,2,29,270.40179,1025,92
11/02/2015 18:00,1,50,270.932,1018,78
11/02/2015 19:00,1,59,271.1421373,1017,78
11/02/2015 20:00,1,88,271.855,1014,79
11/02/2015 21:00,1,88,271.855,1014,79
11/02/2015 22:00,1,88,271.855,1014,79
11/02/2015 23:00,0,156,265.587,1014,84
12/02/2015 00:00,0,156,265.587,1014,84
12/02/2015 01:00,0,156,265.587,1014,84
12/02/2015 02:00,1,184,263.453,1013,83
12/02/2015 03:00,1,184,263.453,1013,83
12/02/2015 04:00,1,184,263.453,1013,83
12/02/2015 05:00,1,167,262.979,1011,75
12/02/2015 06:00,1,167,262.979,1011,75
12/02/2015 07:00,1,167,262.979,1011,75
12/02/2015 08:00,1,183,264.968,1010,83
12/02/2015 09:00,1,183,264.968,1010,83
12/02/2015 10:00,1,183,264.968,1010,83
12/02/2015 11:00,1,202,266.89,1008,89
12/02/2015 12:00,1,202,266.89,1008,89
12/02/2015 13:00,1,202,266.89,1008,89
12/02/2015 14:00,1,238,271.176,1007,91
12/02/2015 15:00,1,230,270.843,1007,91
12/02/2015 16:00,1,257,275.203,1004,86
12/02/2015 17:00,1,255,274.787,1004,86
12/02/2015 18:00,1,255,274.787,1004,86
12/02/2015 19:00,1,255,274.787,1004,86
12/02/2015 20:00,3,309,273.541,1004,87
12/02/2015 21:00,3,309,273.541,1004,87
12/02/2015 22:00,3,308,269.842,1007,77
12/02/2015 23:00,4,310,270.3338785,1011,82
13/02/2015 00:00,3,308,269.842,1007,77
13/02/2015 01:00,4,318,266.393,1010,75
13/02/2015 02:00,4,318,266.393,1010,75
13/02/2015 03:00,4,318,266.393,1010,75
13/02/2015 04:00,4,318,266.393,1010,75
13/02/2015 05:00,4,314,264.13,1011,68
13/02/2015 06:00,4,314,264.13,1011,68
13/02/2015 07:00,4,314,264.13,1011,68
13/02/2015 08:00,4,316,261.874,1014,69
13/02/2015 09:00,4,316,261.874,1014,69
13/02/2015 10:00,4,316,261.874,1014,69
13/02/2015 11:00,3,319,260.3,1017,72
13/02/2015 12:00,3,319,260.3,1017,72
13/02/2015 13:00,3,319,260.3,1017,72
13/02/2015 14:00,3,320,262.706,1019,65
13/02/2015 15:00,3,318,263.3682062,1019,64
13/02/2015 16:00,3,312,265.518,1018,62
13/02/2015 17:00,3,312,265.518,1018,62
13/02/2015 18:00,3,312,265.518,1018,62
13/02/2015 19:00,2,305,266.127,1017,68
13/02/2015 20:00,2,305,266.127,1017,68
13/02/2015 21:00,2,305,266.127,1017,68
13/02/2015 22:00,2,305,266.127,1017,68
13/02/2015 23:00,2,293,261.33,1018,66
14/02/2015 00:00,2,293,261.33,1018,66
14/02/2015 01:00,2,293,261.33,1018,66
14/02/2015 02:00,1,286,257.109,1019,75
14/02/2015 03:00,1,286,257.109,1019,75
14/02/2015 04:00,1,286,257.109,1019,75
14/02/2015 05:00,1,220,255.292,1018,76
14/02/2015 06:00,1,220,255.292,1018,76
14/02/2015 07:00,1,220,255.292,1018,76
14/02/2015 08:00,1,199,256.875,1016,76
14/02/2015 09:00,1,199,256.875,1016,76
14/02/2015 10:00,1,199,256.875,1016,76
14/02/2015 11:00,1,193,258.582,1014,82
14/02/2015 12:00,1,193,258.582,1014,82
14/02/2015 13:00,1,193,258.582,1014,82
14/02/2015 14:00,2,183,266.245,1010,75
14/02/2015 15:00,2,183,266.245,1010,75
14/02/2015 16:00,1,185,265.01,1011,78
14/02/2015 17:00,2,201,269.289,1005,84
14/02/2015 18:00,2,201,269.289,1005,84
14/02/2015 19:00,2,201,269.289,1005,84
14/02/2015 20:00,2,211,269.93,1001,86
14/02/2015 21:00,2,211,269.93,1001,86
14/02/2015 22:00,2,211,269.93,1001,86
14/02/2015 23:00,2,219,269.5604916,1005,90
15/02/2015 00:00,1,197,266.324,999,92
15/02/2015 01:00,1,197,266.324,999,92
15/02/2015 02:00,2,42,265.884,996,81
15/02/2015 03:00,2,42,265.884,996,81
15/02/2015 04:00,2,42,265.884,996,81
15/02/2015 05:00,5,311,266.202,997,88
15/02/2015 06:00,5,311,266.202,997,88
15/02/2015 07:00,5,311,266.202,997,88
15/02/2015 08:00,6,311,262.274,999,72
15/02/2015 09:00,6,311,262.274,999,72
15/02/2015 10:00,6,311,262.274,999,72
15/02/2015 11:00,5,318,262.533,1001,71
15/02/2015 12:00,5,318,262.533,1001,71
15/02/2015 13:00,5,318,262.533,1001,71
15/02/2015 14:00,7,328,264.716,1003,75
15/02/2015 15:00,7,328,264.716,1003,75
15/02/2015 16:00,6,328,264.057,1007,68
15/02/2015 17:00,7,326,264.6759838,1012,79
15/02/2015 18:00,6,325,264.835,1009,64
15/02/2015 19:00,6,322,264.8799072,1014,74
15/02/2015 20:00,7,319,264.9364536,1020,87
15/02/2015 21:00,7,320,263.6501415,1019,81
15/02/2015 22:00,7,316,264.1213333,1027,100
15/02/2015 23:00,7,315,263.2496667,1028,100
16/02/2015 00:00,6,314,261.2666605,1021,80
16/02/2015 01:00,6,314,260.6234208,1024,84
16/02/2015 02:00,5,313,258.573,1018,66
16/02/2015 03:00,5,313,258.759181,1021,73
16/02/2015 04:00,7,310,259.1763333,1032,100
16/02/2015 05:00,7,312,259.3036667,1033,100
16/02/2015 06:00,5,313,258.3848672,1023,78
16/02/2015 07:00,5,316,258.075,1018,69
16/02/2015 08:00,4,321,258.207,1019,68
16/02/2015 09:00,4,321,258.207,1019,68
16/02/2015 10:00,4,321,258.207,1019,68
16/02/2015 11:00,4,323,258.233,1021,60
16/02/2015 12:00,4,323,258.233,1021,60
16/02/2015 13:00,4,323,258.233,1021,60
16/02/2015 14:00,3,324,261.556,1022,65
16/02/2015 15:00,3,324,262.4565221,1021,63
16/02/2015 16:00,3,324,265.212,1021,58
16/02/2015 17:00,3,319,265.1203636,1025,71
16/02/2015 18:00,3,317,265.374,1020,62
16/02/2015 19:00,2,306,266.183,1018,63
16/02/2015 20:00,2,302,266.183,1022,73
16/02/2015 21:00,2,306,266.183,1018,63
16/02/2015 22:00,2,306,266.183,1018,63
16/02/2015 23:00,1,289,261.446,1018,65
17/02/2015 00:00,1,289,261.446,1018,65
17/02/2015 01:00,1,289,261.446,1018,65
17/02/2015 02:00,1,314,260.655,1018,70
17/02/2015 03:00,1,314,260.655,1018,70
17/02/2015 04:00,1,314,260.655,1018,70
17/02/2015 05:00,1,347,260.901,1017,68
17/02/2015 06:00,1,347,260.901,1017,68
17/02/2015 07:00,1,347,260.901,1017,68
17/02/2015 08:00,1,228,261.7576428,1022,80
17/02/2015 09:00,1,244,262.075722,1021,79
17/02/2015 10:00,2,44,263.494,1029,100
17/02/2015 11:00,2,50,263.867,1028,100
17/02/2015 12:00,2,35,264.122,1028,100
17/02/2015 13:00,2,48,264.5343333,1028,100
17/02/2015 14:00,2,40,264.8286667,1027,100
17/02/2015 15:00,2,33,265.2545,1027,100
17/02/2015 16:00,2,24,265.505,1026,100
17/02/2015 17:00,2,17,265.887,1026,100
17/02/2015 18:00,1,177,266.1008102,1018,91
17/02/2015 19:00,1,119,266.5330074,1020,94
17/02/2015 20:00,0,308,266.986,1011,84
17/02/2015 21:00,0,290,265.8787529,1011,83
17/02/2015 22:00,0,192,259.994,1013,80
17/02/2015 23:00,1,226,260.8569265,1017,86
18/02/2015 00:00,0,192,259.994,1013,80
18/02/2015 01:00,0,192,259.994,1013,80
18/02/2015 02:00,1,237,256.439,1012,69
18/02/2015 03:00,1,237,256.439,1012,69
18/02/2015 04:00,1,237,256.439,1012,69
18/02/2015 05:00,1,247,255.532,1012,63
18/02/2015 06:00,1,247,255.532,1012,63
18/02/2015 07:00,1,273,254.583,1012,69
18/02/2015 08:00,1,273,254.583,1012,69
18/02/2015 09:00,1,273,254.583,1012,69
18/02/2015 10:00,1,273,254.583,1012,69
18/02/2015 11:00,1,302,254.433,1012,58
18/02/2015 12:00,1,302,254.433,1012,58
18/02/2015 13:00,1,302,254.433,1012,58
18/02/2015 14:00,1,24,267.512,1011,69
18/02/2015 15:00,1,39,266.193,1010,76
18/02/2015 16:00,1,24,267.512,1011,69
18/02/2015 17:00,1,127,270.095,1008,79
18/02/2015 18:00,1,131,270.0634247,1008,78
18/02/2015 19:00,1,147,269.919,1006,77
18/02/2015 20:00,1,140,269.7840525,1010,83
18/02/2015 21:00,1,147,269.919,1006,77
18/02/2015 22:00,1,147,269.919,1006,77
18/02/2015 23:00,1,129,264.992,1005,88
19/02/2015 00:00,1,129,264.992,1005,88
19/02/2015 01:00,1,129,264.992,1005,88
19/02/2015 02:00,1,257,262.722,1005,81
19/02/2015 03:00,1,257,262.722,1005,81
19/02/2015 04:00,1,257,262.722,1005,81
19/02/2015 05:00,1,240,259.755,1003,74
19/02/2015 06:00,1,240,259.755,1003,74
19/02/2015 07:00,3,313,263.658,1003,86
19/02/2015 08:00,4,305,263.9207752,1008,90
19/02/2015 09:00,3,313,263.658,1003,86
19/02/2015 10:00,3,313,263.658,1003,86
19/02/2015 11:00,4,305,262.966,1005,74
19/02/2015 12:00,4,305,262.966,1005,74
19/02/2015 13:00,4,305,262.966,1005,74
19/02/2015 14:00,3,298,264.074,1008,73
19/02/2015 15:00,3,298,264.074,1008,73
19/02/2015 16:00,4,301,264.437,1008,61
19/02/2015 17:00,5,300,264.6697586,1012,73
19/02/2015 18:00,4,301,264.437,1008,61
19/02/2015 19:00,4,293,263.42,1009,66
19/02/2015 20:00,4,293,263.780513,1013,76
19/02/2015 21:00,4,293,263.42,1009,66
19/02/2015 22:00,4,293,263.42,1009,66
19/02/2015 23:00,4,294,263.1722757,1015,77
20/02/2015 00:00,4,298,260.776,1012,69
20/02/2015 01:00,4,298,260.776,1012,69
20/02/2015 02:00,3,301,258.687,1014,57
20/02/2015 03:00,3,301,258.687,1014,57
20/02/2015 04:00,3,301,258.687,1014,57
20/02/2015 05:00,3,297,257.276,1015,64
20/02/2015 06:00,3,297,257.276,1015,64
20/02/2015 07:00,3,297,257.276,1015,64
20/02/2015 08:00,3,296,256.392,1016,69
20/02/2015 09:00,3,296,256.392,1016,69
20/02/2015 10:00,3,296,256.392,1016,69
20/02/2015 11:00,3,298,255.773,1019,63
20/02/2015 12:00,3,298,255.773,1019,63
20/02/2015 13:00,3,298,255.773,1019,63
20/02/2015 14:00,4,301,259.171,1022,71
20/02/2015 15:00,4,302,258.923,1021,64
20/02/2015 16:00,4,301,259.171,1022,71
20/02/2015 17:00,3,300,262.787,1023,65
20/02/2015 18:00,3,299,262.9342664,1023,65
20/02/2015 19:00,4,295,263.2279368,1032,83
20/02/2015 20:00,3,294,263.861,1025,65
20/02/2015 21:00,3,294,263.861,1025,65
